lr,max-grad-norm,num-steps,recurrent-policy,seed
3.4682844857140287e-06,0.5,5,True,272

seconds,frames,mean reward
24,880,0.9927083
30,1680,0.19833334
37,2480,0.26922348
43,3280,0.1785636
50,4080,0.19797008
57,4880,0.15837121
63,5680,0.16878656
69,6480,0.1355047
76,7280,0.13179223
84,8080,0.13939607
92,8880,0.13633242
98,9680,0.113937505
105,10480,0.113937505
112,11280,0.0659375
118,12080,0.075166665
125,12880,0.0658125
131,13680,0.0843125
138,14480,0.09408334
145,15280,0.10395833
151,16080,0.105812505
158,16880,0.10581249
165,17680,0.09525
171,18480,0.11516666
178,19280,0.12464582
185,20080,0.12464582
191,20880,0.11541666
198,21680,0.13295834
204,22480,0.11266667
211,23280,0.10322917
218,24080,0.083916664
225,24880,0.073937505
231,25680,0.073937505
238,26480,0.083916664
245,27280,0.085020825
251,28080,0.07402083
258,28880,0.07429166
265,29680,0.08427083
271,30480,0.07570833
278,31280,0.066854164
285,32080,0.066854164
291,32880,0.075375
298,33680,0.08535416
305,34480,0.11477083
311,35280,0.10479166
318,36080,0.08483334
325,36880,0.094770834
332,37680,0.1143125
338,38480,0.12252083
345,39280,0.13227083
352,40080,0.13227083
359,40880,0.16075
365,41680,0.18070833
372,42480,0.16904168
379,43280,0.16922916
385,44080,0.17910415
392,44880,0.17941667
399,45680,0.16895834
406,46480,0.14933333
412,47280,0.1484375
419,48080,0.13045834
426,48880,0.13045834
432,49680,0.093458325
439,50480,0.092041664
446,51280,0.10997916
452,52080,0.11004166
459,52880,0.110125
466,53680,0.12652083
473,54480,0.15604167
479,55280,0.15752083
486,56080,0.15697916
493,56880,0.1761875
499,57680,0.1846875
506,58480,0.19520833
513,59280,0.21533333
519,60080,0.18708332
526,60880,0.17783333
533,61680,0.151125
539,62480,0.14975001
546,63280,0.14904167
553,64080,0.1405625
560,64880,0.14010416
566,65680,0.14864583
573,66480,0.14877084
580,67280,0.1461875
586,68080,0.12639584
594,68880,0.15547916
600,69680,0.15547918
607,70480,0.1646875
614,71280,0.12858334
620,72080,0.13883333
627,72880,0.13897917
634,73680,0.12987499
640,74480,0.12191667
647,75280,0.15072916
654,76080,0.13393751
661,76880,0.1443125
667,77680,0.12520833
674,78480,0.17199999
681,79280,0.18275
687,80080,0.16314583
694,80880,0.16314583
701,81680,0.15320833
707,82480,0.13435417
714,83280,0.14385416
721,84080,0.115041666
728,84880,0.12347916
734,85680,0.104354165
741,86480,0.104354165
747,87280,0.07672916
754,88080,0.07672916
761,88880,0.05677083
768,89680,0.066229165
774,90480,0.07620833
781,91280,0.085041665
787,92080,0.07554166
794,92880,0.07554167
801,93680,0.093479164
808,94480,0.07535416
814,95280,0.08372916
821,96080,0.06377083
828,96880,0.09325
834,97680,0.101812504
841,98480,0.1010625
847,99280,0.09108333
854,100080,0.100125
861,100880,0.12833335
868,101680,0.1383125
874,102480,0.12037501
881,103280,0.12947917
888,104080,0.14029166
894,104880,0.14029168
901,105680,0.11935417
907,106480,0.110791676
914,107280,0.1304375
921,108080,0.15985417
928,108880,0.169875
934,109680,0.17941667
941,110480,0.1694375
948,111280,0.19833334
954,112080,0.18647917
961,112880,0.21281248
968,113680,0.21362497
975,114480,0.23456249
981,115280,0.23185417
988,116080,0.22070833
995,116880,0.20083332
1001,117680,0.18266666
1008,118480,0.17185417
1015,119280,0.190125
1021,120080,0.19035417
1028,120880,0.17385416
1035,121680,0.17629167
1042,122480,0.1745625
1048,123280,0.14670834
1055,124080,0.13816667
1062,124880,0.13802081
1068,125680,0.12804167
1075,126480,0.137125
1082,127280,0.14975
1089,128080,0.14977083
1095,128880,0.130625
1102,129680,0.1601875
1109,130480,0.16858333
1115,131280,0.19620833
1122,132080,0.18712501
1128,132880,0.20597915
1135,133680,0.2140625
1142,134480,0.22345833
1148,135280,0.20277083
1155,136080,0.2015625
1162,136880,0.19158334
1169,137680,0.19025
1176,138480,0.18739584
1182,139280,0.17627083
1189,140080,0.14920834
1196,140880,0.17716666
1203,141680,0.15991667
1209,142480,0.15183334
1216,143280,0.15245834
1222,144080,0.15245833
1229,144880,0.13670833
1236,145680,0.1458125
1243,146480,0.1468125
1249,147280,0.139
1256,148080,0.15183334
1263,148880,0.15147917
1269,149680,0.15118748
1276,150480,0.1511875
1282,151280,0.1511875
1289,152080,0.13208333
1296,152880,0.13208333
1302,153680,0.14089583
1309,154480,0.14177082
1316,155280,0.14202082
1322,156080,0.1421875
1329,156880,0.10506249
1335,157680,0.105895825
1342,158480,0.096187495
1349,159280,0.12377082
1355,160080,0.14245833
1362,160880,0.1524375
1368,161680,0.15095833
1375,162480,0.18677083
1382,163280,0.19670832
1388,164080,0.176875
1395,164880,0.16706249
1402,165680,0.19491665
1408,166480,0.1944375
1415,167280,0.16533333
1422,168080,0.147375
1428,168880,0.13866666
1435,169680,0.14625
1441,170480,0.1504375
1448,171280,0.13977084
1454,172080,0.1398125
1461,172880,0.14979167
1468,173680,0.15020832
1474,174480,0.14125
1481,175280,0.16883333
1487,176080,0.1784375
1495,176880,0.1784375
1501,177680,0.18922916
1508,178480,0.19758333
1514,179280,0.18793751
1521,180080,0.17854166
1527,180880,0.15858334
1534,181680,0.18714584
1541,182480,0.22614583
1547,183280,0.21758333
1554,184080,0.20845835
1560,184880,0.19847918
1567,185680,0.1901875
1574,186480,0.20789583
1580,187280,0.2075
1587,188080,0.2264375
1594,188880,0.22643751
1600,189680,0.21670833
1607,190480,0.18637499
1613,191280,0.18577084
1620,192080,0.18506248
1627,192880,0.16618751
1633,193680,0.16643749
1640,194480,0.15616667
1647,195280,0.13722916
1653,196080,0.13791667
1660,196880,0.15797916
1666,197680,0.15797916
1673,198480,0.17683333
1680,199280,0.15816666
1687,200080,0.16931249
1693,200880,0.16039582
1700,201680,0.16889584
1707,202480,0.16904168
1713,203280,0.18710415
1720,204080,0.17841667
1727,204880,0.21470833
1733,205680,0.19379164
1740,206480,0.19435418
1747,207280,0.16608334
1753,208080,0.18454169
1760,208880,0.20262499
1767,209680,0.20304169
1773,210480,0.19239582
1780,211280,0.19239584
1787,212080,0.18385418
1794,212880,0.19652085
1800,213680,0.16714585
1807,214480,0.15060417
1813,215280,0.14949998
1820,216080,0.14020833
1827,216880,0.1308125
1833,217680,0.13064583
1840,218480,0.12289582
1847,219280,0.132625
1853,220080,0.14110416
1860,220880,0.15091667
1866,221680,0.1678125
1873,222480,0.19735417
1880,223280,0.19652085
1886,224080,0.20647916
1893,224880,0.20527084
1900,225680,0.19662501
1906,226480,0.20435417
1913,227280,0.20481251
1919,228080,0.18635418
1926,228880,0.18643752
1933,229680,0.16720834
1939,230480,0.1593125
1946,231280,0.14964584
1953,232080,0.123166665
1959,232880,0.13227083
1966,233680,0.1235
1972,234480,0.114229165
1979,235280,0.106437504
1986,236080,0.09677084
1992,236880,0.086958334
1999,237680,0.0870625
2006,238480,0.0975
2012,239280,0.06854167
2019,240080,0.078208335
2025,240880,0.08818749
2032,241680,0.08814583
2039,242480,0.08814583
2045,243280,0.07822916
2052,244080,0.087625
2059,244880,0.11499999
2065,245680,0.11504166
2072,246480,0.09533333
2078,247280,0.085354164
2085,248080,0.085354164
2092,248880,0.0754375
2098,249680,0.0754375
2105,250480,0.0754375
2111,251280,0.094333336
2118,252080,0.094333336
2125,252880,0.0849375
2132,253680,0.086833335
2138,254480,0.097375005
2145,255280,0.097375005
2151,256080,0.097375005
2158,256880,0.097375005
2165,257680,0.08772917
2171,258480,0.077750005
2178,259280,0.077750005
2184,260080,0.059645835
2191,260880,0.049791664
2197,261680,0.049791664
2204,262480,0.039812498
2211,263280,0.019895833
2217,264080,0.0
2224,264880,0.019166667
2231,265680,0.019166667
2237,266480,0.019166667
2244,267280,0.019166667
2250,268080,0.029145835
2257,268880,0.029145835
2264,269680,0.029145835
2270,270480,0.048020836
2277,271280,0.048020836
2283,272080,0.048020836
2290,272880,0.067854166
2297,273680,0.0579375
2303,274480,0.05866667
2310,275280,0.05866667
2317,276080,0.05866667
2323,276880,0.05866667
2330,277680,0.05866667
2336,278480,0.068645835
2343,279280,0.07954167
2350,280080,0.07954166
2356,280880,0.089520834
2363,281680,0.07954166
2369,282480,0.079166666
2376,283280,0.09789583
2383,284080,0.107875
2389,284880,0.107875004
2396,285680,0.10775
2402,286480,0.10775
2409,287280,0.1068125
2416,288080,0.07704166
2422,288880,0.08702083
2429,289680,0.07704167
2436,290480,0.07704167
2442,291280,0.076124996
2449,292080,0.057395834
2456,292880,0.04741667
2462,293680,0.037437502
2469,294480,0.0374375
2475,295280,0.027583333
2482,296080,0.027583333
2489,296880,0.028479166
2495,297680,0.038354166
2502,298480,0.048333336
2508,299280,0.048333336
2515,300080,0.048333336
2522,300880,0.03977083
2528,301680,0.04975
2535,302480,0.04975
2541,303280,0.04975
2548,304080,0.059229165
2555,304880,0.059229165
2561,305680,0.058791667
2568,306480,0.058791667
2575,307280,0.058729168
2582,308080,0.04875
2588,308880,0.06808333
2595,309680,0.08766666
2601,310480,0.0875
2608,311280,0.10535416
2615,312080,0.12531249
2621,312880,0.11583333
2628,313680,0.11583333
2634,314480,0.10633333
2641,315280,0.12622917
2648,316080,0.115958326
2654,316880,0.115375005
2661,317680,0.13337499
2667,318480,0.1228125
2674,319280,0.13158333
2681,320080,0.10391667
2687,320880,0.0939375
2694,321680,0.08395834
2700,322480,0.08395833
2707,323280,0.08395834
2714,324080,0.08402083
2720,324880,0.074499995
2727,325680,0.06572916
2733,326480,0.037750002
2740,327280,0.038708333
2747,328080,0.029937498
2753,328880,0.05841667
2760,329680,0.078375004
2767,330480,0.1270625
2773,331280,0.14454167
2780,332080,0.15452084
2787,332880,0.1345625
2793,333680,0.15452084
2800,334480,0.16450001
2806,335280,0.17443751
2813,336080,0.17443751
2820,336880,0.165
2826,337680,0.15591666
2833,338480,0.14595833
2839,339280,0.12633333
2846,340080,0.10833333
2853,340880,0.116895825
2859,341680,0.115479164
2866,342480,0.10549999
2872,343280,0.104937494
2879,344080,0.10379167
2886,344880,0.0938125
2892,345680,0.08385416
2899,346480,0.08385416
2905,347280,0.08385416
2912,348080,0.055291664
2919,348880,0.07525
2925,349680,0.076291665
2932,350480,0.076291665
2938,351280,0.0861875
2945,352080,0.085541666
2952,352880,0.07675
2958,353680,0.07675
2965,354480,0.086208336
2971,355280,0.086208336
2978,356080,0.07622916
2985,356880,0.07622917
2991,357680,0.07622917
2998,358480,0.056270834
3004,359280,0.076291665
3011,360080,0.085541666
3018,360880,0.06708334
3025,361680,0.066395834
3031,362480,0.066395834
3038,363280,0.066395834
3044,364080,0.0569375
3051,364880,0.0569375
3058,365680,0.076458335
3064,366480,0.076458335
3071,367280,0.0864375
3077,368080,0.08643749
3084,368880,0.066104166
3091,369680,0.06660417
3097,370480,0.075479165
3104,371280,0.08639583
3111,372080,0.09591667
3117,372880,0.10466667
3124,373680,0.10466667
3131,374480,0.094979174
3137,375280,0.09497916
3144,376080,0.094979174
3150,376880,0.10458333
3157,377680,0.10458334
3164,378480,0.085541666
3170,379280,0.07666667
3177,380080,0.066687495
3183,380880,0.057666663
3190,381680,0.0693125
3197,382480,0.0693125
3203,383280,0.059479166
3210,384080,0.059479166
3217,384880,0.0495
3223,385680,0.049875
3230,386480,0.039895833
3236,387280,0.049875
3243,388080,0.05933333
3250,388880,0.06904167
3256,389680,0.078812495
3263,390480,0.078208335
3269,391280,0.06825
3276,392080,0.06825
3283,392880,0.06825
3289,393680,0.06825
3296,394480,0.06825
3302,395280,0.07822917
3309,396080,0.08816667
3316,396880,0.078187495
3323,397680,0.06872916
3329,398480,0.059020832
3336,399280,0.039875
3342,400080,0.029895833
3349,400880,0.029895833
3356,401680,0.029895833
3362,402480,0.029895833
3369,403280,0.049854163
3376,404080,0.039874997
3382,404880,0.029895833
3389,405680,0.019958332
3395,406480,0.019958332
3402,407280,0.019958332
3409,408080,0.019958332
3415,408880,0.019958332
3422,409680,0.019958332
3428,410480,0.039916664
3435,411280,0.047937497
3442,412080,0.06747916
3448,412880,0.06599999
3455,413680,0.066
3462,414480,0.0744375
3468,415280,0.103125
3475,416080,0.103125
3482,416880,0.113104165
3488,417680,0.1230625
3495,418480,0.13291666
3501,419280,0.1229375
3508,420080,0.12489583
3515,420880,0.115333326
3521,421680,0.106833324
3528,422480,0.1168125
3534,423280,0.11960415
3541,424080,0.109625
3548,424880,0.109625
3554,425680,0.09964582
3561,426480,0.0896875
3567,427280,0.09708333
3574,428080,0.08710417
3580,428880,0.08710417
3587,429680,0.06714583
3594,430480,0.085520834
3600,431280,0.07554167
3607,432080,0.07554166
3614,432880,0.0845
3620,433680,0.094333336
3627,434480,0.10429167
3633,435280,0.10429167
3640,436080,0.08704166
3647,436880,0.08704166
3653,437680,0.107
3660,438480,0.107
3666,439280,0.088625
3673,440080,0.10683333
3679,440880,0.10683333
3686,441680,0.087749995
3693,442480,0.088041656
3699,443280,0.09677084
3706,444080,0.09677084
3713,444880,0.09677084
3719,445680,0.09677084
3726,446480,0.09547916
3732,447280,0.113604166
3739,448080,0.10362499
3746,448880,0.104875
3752,449680,0.09489583
3759,450480,0.11408333
3765,451280,0.11352084
3772,452080,0.09483334
3779,452880,0.09483334
3785,453680,0.11441667
3792,454480,0.114416674
3798,455280,0.10506251
3805,456080,0.09691667
3812,456880,0.11687499
3819,457680,0.09741667
3825,458480,0.10622917
3832,459280,0.08704166
3838,460080,0.0971875
3845,460880,0.0971875
3851,461680,0.106875
3858,462480,0.08729166
3865,463280,0.08729167
3871,464080,0.07797916
3878,464880,0.07797916
3885,465680,0.07797917
3891,466480,0.077937506
3898,467280,0.069125
3905,468080,0.069125
3911,468880,0.05908334
3918,469680,0.07822917
3924,470480,0.06854167
3931,471280,0.08564584
3938,472080,0.085645825
3945,472880,0.085645825
3951,473680,0.075666666
3958,474480,0.0755625
3964,475280,0.065625004
3971,476080,0.07516667
3978,476880,0.07516667
3985,477680,0.07402084
3991,478480,0.064645834
3998,479280,0.07429167
4004,480080,0.093875
4011,480880,0.10514583
4018,481680,0.10514583
4024,482480,0.11462501
4031,483280,0.10475001
4038,484080,0.11447917
4045,484880,0.104937494
4051,485680,0.114729166
4058,486480,0.10635417
4064,487280,0.1065625
4071,488080,0.0869375
4078,488880,0.09766665
4084,489680,0.09643749
4091,490480,0.10458333
4097,491280,0.12385416
4104,492080,0.15289584
4111,492880,0.1521875
4117,493680,0.16072915
4124,494480,0.16091667
4130,495280,0.1509375
4137,496080,0.16052084
4144,496880,0.16060418
4150,497680,0.13975
4157,498480,0.13222916
4163,499280,0.13197917
4170,500080,0.11243751
4177,500880,0.11114583
4183,501680,0.11110416
4190,502480,0.121625006
4197,503280,0.13016666
4203,504080,0.14002083
4210,504880,0.14977083
4217,505680,0.14108333
4223,506480,0.14108333
4230,507280,0.12216667
4236,508080,0.14029168
4243,508880,0.11287501
4249,509680,0.12197916
4256,510480,0.13283333
4263,511280,0.14297916
4269,512080,0.15179166
4276,512880,0.1418125
4282,513680,0.14014582
4289,514480,0.16735417
4296,515280,0.16735417
4302,516080,0.17481251
4309,516880,0.19252083
4315,517680,0.18366666
4322,518480,0.18335417
4329,519280,0.17325002
4335,520080,0.14595833
4342,520880,0.1264375
4348,521680,0.1264375
4355,522480,0.11835417
4362,523280,0.10075
4368,524080,0.11077083
4375,524880,0.12995833
4381,525680,0.11314583
4388,526480,0.121604174
4394,527280,0.13072917
4401,528080,0.13004166
4407,528880,0.13004166
4414,529680,0.12910415
4421,530480,0.14612499
4427,531280,0.17302082
4434,532080,0.18170832
4440,532880,0.17118749
4447,533680,0.15472917
4454,534480,0.15447918
4460,535280,0.15391667
4467,536080,0.17147917
4473,536880,0.15216666
4480,537680,0.17070833
4487,538480,0.15393749
4493,539280,0.155375
4500,540080,0.13783333
4506,540880,0.12952083
4513,541680,0.13993749
4519,542480,0.14020833
4526,543280,0.14010416
4533,544080,0.13239583
4539,544880,0.13479166
4546,545680,0.12570833
4552,546480,0.116000004
4559,547280,0.1354375
4566,548080,0.15141666
4572,548880,0.14077084
4579,549680,0.15004167
4585,550480,0.13866667
4592,551280,0.13822918
4599,552080,0.13822916
4605,552880,0.12860417
4612,553680,0.12697917
4618,554480,0.12716667
4625,555280,0.13597918
4631,556080,0.1464375
4638,556880,0.14118749
4645,557680,0.17810415
4651,558480,0.17758334
4658,559280,0.17008333
4664,560080,0.16049999
4671,560880,0.17047916
4678,561680,0.15927084
4684,562480,0.15972917
4691,563280,0.17083332
4697,564080,0.17083332
4704,564880,0.14116667
4710,565680,0.13152084
4717,566480,0.10285418
4723,567280,0.120562494
4730,568080,0.101833336
4737,568880,0.1190625
4743,569680,0.109083325
4750,570480,0.11885416
4756,571280,0.12002083
4763,572080,0.11095833
4770,572880,0.100979164
4776,573680,0.10902084
4783,574480,0.09904166
4790,575280,0.09904167
4796,576080,0.07308333
4803,576880,0.07308333
4809,577680,0.074041665
4816,578480,0.06583333
4822,579280,0.057291664
4829,580080,0.05702083
4836,580880,0.047041666
4842,581680,0.05702083
4849,582480,0.06570833
4855,583280,0.057666663
4862,584080,0.07733333
4869,584880,0.0873125
4875,585680,0.0873125
4882,586480,0.095562495
4888,587280,0.10410417
4895,588080,0.10410417
4901,588880,0.113145836
4908,589680,0.13020833
4914,590480,0.14814584
4921,591280,0.14929166
4928,592080,0.149125
4934,592880,0.1685
4941,593680,0.18566668
4947,594480,0.18452084
4954,595280,0.17627083
4960,596080,0.15775001
4967,596880,0.15775001
4974,597680,0.14814584
4980,598480,0.14995833
4987,599280,0.12358334
4993,600080,0.11370833
5000,600880,0.10420833
5007,601680,0.104208335
5013,602480,0.06633333
5020,603280,0.057666663
5026,604080,0.048833333
5033,604880,0.048833333
5039,605680,0.048833333
5046,606480,0.0396875
5052,607280,0.0396875
5059,608080,0.029708333
5066,608880,0.039208334
5072,609680,0.03920833
5079,610480,0.029229166
5085,611280,0.029229166
5092,612080,0.029229166
5099,612880,0.039041664
5105,613680,0.058395833
5112,614480,0.0683125
5118,615280,0.077416666
5125,616080,0.08729167
5132,616880,0.08729166
5138,617680,0.0878125
5145,618480,0.097624995
5152,619280,0.10658333
5158,620080,0.10658333
5165,620880,0.12466666
5171,621680,0.114854164
5178,622480,0.105479166
5184,623280,0.105479166
5191,624080,0.095249996
5198,624880,0.095249996
5204,625680,0.085375
5211,626480,0.065604165
5217,627280,0.055625
5224,628080,0.065604165
5231,628880,0.066625
5237,629680,0.057749998
5244,630480,0.08735416
5251,631280,0.09720833
5257,632080,0.09720833
5264,632880,0.09720833
5271,633680,0.10758333
5277,634480,0.10758333
5284,635280,0.1175625
5290,636080,0.10775
5297,636880,0.10708333
5303,637680,0.09710417
5310,638480,0.08752083
5316,639280,0.077541664
5323,640080,0.058291662
5330,640880,0.046604168
5336,641680,0.046604168
5343,642480,0.046604168
5349,643280,0.027437499
5356,644080,0.027437499
5363,644880,0.026541667
5369,645680,0.026541667
5376,646480,0.026541667
5382,647280,0.027125001
5389,648080,0.027125001
5395,648880,0.027125001
5402,649680,0.027125001
5409,650480,0.057875
5415,651280,0.067854166
5422,652080,0.076875
5429,652880,0.076875
5435,653680,0.06779166
5442,654480,0.06779167
5448,655280,0.06779166
5455,656080,0.05789583
5462,656880,0.067875
5468,657680,0.067875
5475,658480,0.067875
5481,659280,0.057729162
5488,660080,0.038791668
5494,660880,0.0288125
5501,661680,0.0288125
5507,662480,0.028208332
5514,663280,0.028208332
5521,664080,0.038125
5527,664880,0.048104167
5534,665680,0.047937497
5540,666480,0.056999996
5547,667280,0.056999996
5553,668080,0.056999996
5560,668880,0.057041664
5567,669680,0.06702083
5573,670480,0.077
5580,671280,0.06858334
5586,672080,0.0785625
5593,672880,0.0785625
5600,673680,0.06727083
5606,674480,0.06727083
5613,675280,0.058375
5619,676080,0.06827083
5626,676880,0.097979166
5633,677680,0.10683333
5639,678480,0.1165625
5646,679280,0.1265
5653,680080,0.11652084
5659,680880,0.115687504
5666,681680,0.117062494
5672,682480,0.117062494
5679,683280,0.10708333
5685,684080,0.12564583
5692,684880,0.115749985
5698,685680,0.0971875
5705,686480,0.1255
5711,687280,0.105791666
5718,688080,0.09585417
5725,688880,0.09585417
5731,689680,0.08670834
5738,690480,0.07672916
5744,691280,0.07672916
5751,692080,0.08670834
5758,692880,0.07791667
5764,693680,0.068145834
5771,694480,0.06789583
5777,695280,0.04802083
5784,696080,0.029312499
5791,696880,0.039291665
5797,697680,0.058770828
5804,698480,0.06775
5810,699280,0.06775
5817,700080,0.06775
5823,700880,0.065770835
5830,701680,0.065770835
5837,702480,0.07495833
5843,703280,0.07495833
5850,704080,0.0903125
5856,704880,0.08070833
5863,705680,0.08845833
5869,706480,0.08845833
5876,707280,0.08702084
5883,708080,0.08733334
5889,708880,0.106729165
5896,709680,0.10677084
5902,710480,0.116312504
5909,711280,0.12629166
5915,712080,0.117104165
5922,712880,0.108500004
5929,713680,0.10002084
5935,714480,0.10770833
5942,715280,0.108312495
5948,716080,0.100125
5955,716880,0.09027083
5961,717680,0.0715
5968,718480,0.09045833
5974,719280,0.0915
5981,720080,0.09108333
5988,720880,0.09108333
5994,721680,0.09108333
6001,722480,0.09260417
6007,723280,0.08577082
6014,724080,0.076562494
6021,724880,0.0765625
6027,725680,0.086208336
6034,726480,0.086208336
6040,727280,0.0673125
6047,728080,0.07670834
6053,728880,0.0671875
6060,729680,0.07622917
6067,730480,0.08560416
6073,731280,0.1145
6080,732080,0.11320833
6086,732880,0.15285416
6093,733680,0.15285416
6099,734480,0.14320832
6106,735280,0.14320832
6113,736080,0.14320832
6120,736880,0.13264583
6126,737680,0.14231251
6133,738480,0.13327083
6139,739280,0.12389584
6146,740080,0.095
6152,740880,0.085666664
6159,741680,0.065749995
6166,742480,0.0655625
6172,743280,0.0655625
6179,744080,0.0655625
6185,744880,0.055583335
6192,745680,0.06360417
6199,746480,0.046104163
6205,747280,0.0364375
6212,748080,0.0364375
6218,748880,0.0446875
6225,749680,0.0446875
6232,750480,0.05552083
6238,751280,0.04545833
6245,752080,0.045458335
6252,752880,0.055437498
6258,753680,0.055437498
6265,754480,0.055437498
6271,755280,0.0554375
6278,756080,0.055437498
6285,756880,0.065416664
6291,757680,0.074604176
6298,758480,0.07460417
6304,759280,0.09216667
6311,760080,0.08214583
6317,760880,0.10020833
6324,761680,0.09022917
6331,762480,0.107666664
6337,763280,0.107666664
6344,764080,0.109625
6350,764880,0.109625
6357,765680,0.110354155
6364,766480,0.119375
6370,767280,0.1283125
6377,768080,0.12072916
6384,768880,0.11104166
6390,769680,0.09245832
6397,770480,0.093479164
6403,771280,0.11343749
6410,772080,0.114541665
6417,772880,0.10456249
6423,773680,0.1045625
6430,774480,0.1045625
6436,775280,0.07639584
6443,776080,0.06772916
6450,776880,0.0684375
6456,777680,0.058458332
6463,778480,0.058458332
6470,779280,0.058458332
6476,780080,0.0674375
6483,780880,0.047479164
6490,781680,0.038916666
6496,782480,0.06695833
6503,783280,0.06695833
6509,784080,0.07670833
6516,784880,0.07670834
6523,785680,0.066729166
6529,786480,0.07547917
6536,787280,0.08514584
6543,788080,0.07516667
6549,788880,0.07516667
6556,789680,0.056208335
6562,790480,0.056208335
6569,791280,0.06566667
6575,792080,0.0466875
6582,792880,0.056666665
6589,793680,0.055749997
6595,794480,0.055749997
6602,795280,0.056979164
6609,796080,0.056979164
6615,796880,0.047312498
6622,797680,0.047312498
6628,798480,0.047312498
6635,799280,0.047312498
6642,800080,0.04685417
6648,800880,0.046416663
6655,801680,0.046416663
6661,802480,0.037583333
6668,803280,0.037583333
6675,804080,0.037104167
6681,804880,0.037104167
6688,805680,0.047083333
6695,806480,0.047083333
6701,807280,0.047083333
6708,808080,0.047083333
6715,808880,0.047083333
6721,809680,0.04664583
6728,810480,0.057145834
6734,811280,0.047166668
6741,812080,0.04716666
6748,812880,0.04764583
6754,813680,0.04764583
6761,814480,0.037666664
6767,815280,0.057375
6774,816080,0.06666667
6781,816880,0.06666667
6787,817680,0.07647917
6794,818480,0.088062495
6801,819280,0.09722917
6807,820080,0.107854165
6814,820880,0.107854165
6820,821680,0.09787501
6827,822480,0.10785416
6833,823280,0.10785416
6840,824080,0.08883333
6847,824880,0.108791664
6853,825680,0.108791664
6860,826480,0.108958334
6866,827280,0.09897917
6873,828080,0.07983333
6879,828880,0.059874997
6886,829680,0.059874997
6892,830480,0.059874997
6899,831280,0.04989583
6905,832080,0.04989583
6912,832880,0.04989583
6919,833680,0.029937498
6925,834480,0.029937498
6932,835280,0.029937498
6938,836080,0.009979166
6945,836880,0.019958332
6951,837680,0.019958332
6958,838480,0.039916664
6964,839280,0.039916664
6971,840080,0.039916664
6978,840880,0.039916664
6984,841680,0.039916664
6991,842480,0.048729166
6997,843280,0.048729166
7004,844080,0.057791665
7010,844880,0.057791665
7017,845680,0.057791665
7024,846480,0.0478125
7030,847280,0.0478125
7037,848080,0.027854167
7043,848880,0.037833333
7050,849680,0.0478125
7057,850480,0.05725
7063,851280,0.05841667
7070,852080,0.06839583
7077,852880,0.06839583
7083,853680,0.059333336
7090,854480,0.084875
7097,855280,0.084874995
7103,856080,0.092999995
7110,856880,0.092999995
7117,857680,0.08302083
7123,858480,0.07304166
7130,859280,0.08302083
7137,860080,0.07347917
7143,860880,0.062437497
7150,861680,0.10102082
7157,862480,0.110999994
7163,863280,0.094604164
7170,864080,0.09460416
7176,864880,0.11641666
7183,865680,0.11641666
7190,866480,0.11641666
7196,867280,0.11641666
7203,868080,0.115333326
7210,868880,0.1235
7216,869680,0.12310417
7223,870480,0.10372916
7229,871280,0.103875
7236,872080,0.11277083
7243,872880,0.10362499
7249,873680,0.09364584
7256,874480,0.0736875
7263,875280,0.08191667
7269,876080,0.091895826
7276,876880,0.073125
7283,877680,0.08272917
7289,878480,0.0924375
7296,879280,0.083000004
7303,880080,0.083000004
7309,880880,0.07352084
7316,881680,0.09018749
7322,882480,0.09900001
7329,883280,0.12710416
7335,884080,0.12885417
7342,884880,0.13789582
7349,885680,0.166875
7355,886480,0.15727083
7362,887280,0.14912501
7369,888080,0.150625
7376,888880,0.15735416
7382,889680,0.16724998
7389,890480,0.14177084
7395,891280,0.14177082
7402,892080,0.13362499
7409,892880,0.12364583
7415,893680,0.104624994
7422,894480,0.085625
7429,895280,0.095583335
7435,896080,0.08579166
7442,896880,0.08558334
7448,897680,0.08558334
7455,898480,0.066125005
7462,899280,0.066125005
7468,900080,0.066125005
7475,900880,0.07556251
7482,901680,0.06558333
7488,902480,0.085541666
7495,903280,0.094041675
7502,904080,0.0840625
7508,904880,0.07410417
7515,905680,0.07410417
7521,906480,0.06439583
7528,907280,0.06537499
7535,908080,0.087249994
7541,908880,0.08725
7548,909680,0.077270836
7554,910480,0.0865
7561,911280,0.096479155
7568,912080,0.08797917
7575,912880,0.08797917
7581,913680,0.09795833
7588,914480,0.1155
7594,915280,0.115499996
7601,916080,0.10599999
7608,916880,0.08610416
7614,917680,0.08610416
7621,918480,0.08610416
7627,919280,0.077416666
7634,920080,0.086937495
7641,920880,0.0869375
7648,921680,0.08666667
7654,922480,0.09664583
7661,923280,0.07910416
7667,924080,0.07910416
7674,924880,0.08902083
7680,925680,0.0888125
7687,926480,0.09714583
7694,927280,0.10520833
7700,928080,0.104624994
7707,928880,0.095
7714,929680,0.07514583
7720,930480,0.0925625
7727,931280,0.101
7734,932080,0.101
7740,932880,0.101
7747,933680,0.11097918
7753,934480,0.11104166
7760,935280,0.10139584
7767,936080,0.10139584
7774,936880,0.10322916
7780,937680,0.12191666
7787,938480,0.13991666
7793,939280,0.11279165
7800,940080,0.10377084
7807,940880,0.10377083
7813,941680,0.10377083
7820,942480,0.103374995
7827,943280,0.103374995
7833,944080,0.09491667
7840,944880,0.10485417
7847,945680,0.085562505
7853,946480,0.066875
7860,947280,0.0588125
7866,948080,0.048874997
7873,948880,0.057687502
7880,949680,0.04654167
7886,950480,0.056520835
7893,951280,0.07525
7900,952080,0.06566667
7906,952880,0.0655625
7913,953680,0.06502083
7920,954480,0.06502083
7926,955280,0.082625
7933,956080,0.0920625
7940,956880,0.10204166
7946,957680,0.10314583
7953,958480,0.09491667
7959,959280,0.0849375
7966,960080,0.06620833
7973,960880,0.0761875
7979,961680,0.0663125
7986,962480,0.0663125
7992,963280,0.056916665
7999,964080,0.058541667
8006,964880,0.039854165
8012,965680,0.039854165
8019,966480,0.029937498
8025,967280,0.029937498
8032,968080,0.029937498
8039,968880,0.039895833
8045,969680,0.029916666
8052,970480,0.029916666
8058,971280,0.056812502
8065,972080,0.076124996
8072,972880,0.07589583
8078,973680,0.0851875
8085,974480,0.0851875
8091,975280,0.07520833
8098,976080,0.09491667
8105,976880,0.104729176
8112,977680,0.094770834
8118,978480,0.1134375
8125,979280,0.1134375
8132,980080,0.11241667
8138,980880,0.096125
8145,981680,0.086375
8151,982480,0.0870625
8158,983280,0.08706249
8165,984080,0.0870625
8171,984880,0.067354165
8178,985680,0.067520835
8184,986480,0.07747916
8191,987280,0.06754167
8197,988080,0.06858333
8204,988880,0.0784375
8211,989680,0.068458326
8218,990480,0.058479168
8224,991280,0.048499998
8231,992080,0.048499998
8237,992880,0.048499998
8244,993680,0.058479168
8250,994480,0.07585416
8257,995280,0.055916667
8264,996080,0.073625
8270,996880,0.06316666
8277,997680,0.06316666
8284,998480,0.062875
8290,999280,0.07204166
8297,1000080,0.07204166
8304,1000880,0.07204166
8310,1001680,0.07204166
8317,1002480,0.062062502
8324,1003280,0.062062502
8330,1004080,0.0446875
8337,1004880,0.0446875
8344,1005680,0.028708333
8350,1006480,0.028708333
8357,1007280,0.028708333
8364,1008080,0.048208334
8371,1008880,0.048208334
8377,1009680,0.05779166
8384,1010480,0.06777083
8390,1011280,0.07775
8397,1012080,0.07775
8404,1012880,0.07775
8410,1013680,0.07775
8417,1014480,0.06777083
8423,1015280,0.06777083
8430,1016080,0.08766666
8437,1016880,0.068312496
8443,1017680,0.06939583
8450,1018480,0.059812497
8457,1019280,0.059812497
8463,1020080,0.039854165
8470,1020880,0.048479166
8477,1021680,0.057604164
8483,1022480,0.057604164
8490,1023280,0.075937495
8497,1024080,0.0759375
8503,1024880,0.06602083
8510,1025680,0.074208334
8517,1026480,0.074208334
8523,1027280,0.0841875
8530,1028080,0.08418751
8537,1028880,0.0841875
8543,1029680,0.09389584
8550,1030480,0.076145835
8557,1031280,0.08497917
8563,1032080,0.08660416
8570,1032880,0.085666664
8577,1033680,0.085666664
8583,1034480,0.066583335
8590,1035280,0.057520833
8597,1036080,0.0675
8603,1036880,0.057520833
8610,1037680,0.07704167
8616,1038480,0.06733333
8623,1039280,0.06733333
8630,1040080,0.058499996
8636,1040880,0.058499996
8643,1041680,0.0585
8650,1042480,0.0594375
8656,1043280,0.0594375
8663,1044080,0.07939583
8669,1044880,0.069416665
8676,1045680,0.069416665
8683,1046480,0.06985416
8689,1047280,0.06985416
8696,1048080,0.06985416
8703,1048880,0.06985416
8709,1049680,0.07983333
8716,1050480,0.07927083
8722,1051280,0.07927083
8729,1052080,0.08822916
8736,1052880,0.06827083
8742,1053680,0.058291662
8749,1054480,0.06802083
8756,1055280,0.0480625
8762,1056080,0.0480625
8769,1056880,0.058041662
8775,1057680,0.05804167
8782,1058480,0.0480625
8788,1059280,0.058041662
8795,1060080,0.048624996
8802,1060880,0.038645834
8808,1061680,0.039666668
8815,1062480,0.0484375
8821,1063280,0.0484375
8828,1064080,0.048687503
8835,1064880,0.048687503
8841,1065680,0.05764583
8848,1066480,0.04766667
8854,1067280,0.04766667
8861,1068080,0.04766667
8868,1068880,0.046625
8874,1069680,0.056604166
8881,1070480,0.0553125
8888,1071280,0.05525
8894,1072080,0.055249996
8901,1072880,0.05525
8908,1073680,0.054979168
8915,1074480,0.06477084
8921,1075280,0.092729166
8928,1076080,0.092729166
8935,1076880,0.092729166
8941,1077680,0.083791666
8948,1078480,0.083791666
8954,1079280,0.084
8961,1080080,0.093354166
8968,1080880,0.10152084
8975,1081680,0.111499995
8981,1082480,0.11177083
8988,1083280,0.10216666
8994,1084080,0.08362499
9001,1084880,0.08362499
9008,1085680,0.08362499
9014,1086480,0.08362499
9021,1087280,0.09360416
9027,1088080,0.09360416
9034,1088880,0.06620833
9040,1089680,0.074229166
9047,1090480,0.056083336
9054,1091280,0.056083336
9060,1092080,0.056166667
9067,1092880,0.066104166
9074,1093680,0.06666667
9080,1094480,0.075833336
9087,1095280,0.085708335
9094,1096080,0.07572916
9100,1096880,0.07572916
9107,1097680,0.07572916
9114,1098480,0.07720833
9120,1099280,0.085625
9127,1100080,0.104479164
9134,1100880,0.10289583
9140,1101680,0.11195833
9147,1102480,0.11014584
9154,1103280,0.100979164
9160,1104080,0.10916666
9167,1104880,0.10916666
9174,1105680,0.10916666
9180,1106480,0.10916666
9187,1107280,0.11691666
9194,1108080,0.09877083
9200,1108880,0.09877083
9207,1109680,0.08877083
9213,1110480,0.0793125
9220,1111280,0.09872916
9228,1112080,0.10770834
9235,1112880,0.08964583
9242,1113680,0.08964583
9248,1114480,0.08964583
9255,1115280,0.08964583
9262,1116080,0.09975
9268,1116880,0.09070833
9275,1117680,0.09964583
9282,1118480,0.110125
9288,1119280,0.109958336
9295,1120080,0.099729165
9302,1120880,0.082041666
9309,1121680,0.09202084
9315,1122480,0.1113125
9322,1123280,0.12129167
9328,1124080,0.1409375
9335,1124880,0.16766666
9342,1125680,0.16766666
9348,1126480,0.15895833
9355,1127280,0.159
9361,1128080,0.16108331
9368,1128880,0.15164584
9375,1129680,0.13252082
9381,1130480,0.13252082
9388,1131280,0.12291667
9394,1132080,0.12264585
9401,1132880,0.12233333
9408,1133680,0.09566667
9415,1134480,0.122083336
9422,1135280,0.11231251
9428,1136080,0.12975
9435,1136880,0.119375
9442,1137680,0.14812501
9448,1138480,0.1856875
9455,1139280,0.18572916
9462,1140080,0.1955625
9469,1140880,0.18570833
9476,1141680,0.17616667
9482,1142480,0.1761875
9489,1143280,0.15827082
9495,1144080,0.14014584
9502,1144880,0.1318125
9509,1145680,0.13268751
9515,1146480,0.122562505
9522,1147280,0.12333333
9529,1148080,0.11085417
9536,1148880,0.14739583
9542,1149680,0.15572916
9549,1150480,0.16595834
9556,1151280,0.14833334
9563,1152080,0.16827084
9569,1152880,0.16827084
9576,1153680,0.15841667
9582,1154480,0.16839585
9589,1155280,0.15995833
9595,1156080,0.14164583
9602,1156880,0.12370834
9609,1157680,0.09614584
9615,1158480,0.086166665
9622,1159280,0.06883333
9629,1160080,0.09722917
9635,1160880,0.08610416
9642,1161680,0.08610416
9648,1162480,0.103583336
9655,1163280,0.09360416
9661,1164080,0.083625
9668,1164880,0.07381251
9675,1165680,0.08325001
9681,1166480,0.092854165
9688,1167280,0.10235418
9694,1168080,0.092375
9701,1168880,0.08270834
9708,1169680,0.09945833
9714,1170480,0.13777083
9721,1171280,0.17664583
9728,1172080,0.2115625
9734,1172880,0.2205
9741,1173680,0.21925001
9748,1174480,0.22977085
9754,1175280,0.23891667
9761,1176080,0.24916668
9767,1176880,0.27752084
9774,1177680,0.26172915
9781,1178480,0.22435415
9787,1179280,0.21324998
9794,1180080,0.18518749
9800,1180880,0.16854168
9807,1181680,0.16777082
9814,1182480,0.14970833
9820,1183280,0.13868749
9827,1184080,0.13889582
9834,1184880,0.12783332
9840,1185680,0.09947917
9847,1186480,0.08816667
9853,1187280,0.08816667
9860,1188080,0.08937499
9867,1188880,0.08287499
9874,1189680,0.08208333
9880,1190480,0.09085416
9887,1191280,0.100354165
9893,1192080,0.110333316
9900,1192880,0.09260416
9907,1193680,0.09364583
9913,1194480,0.1029375
9920,1195280,0.1033125
9926,1196080,0.101645835
9933,1196880,0.101645835
9940,1197680,0.101645835
9946,1198480,0.09166667
9953,1199280,0.08197917
9959,1200080,0.098770835
9966,1200880,0.099416666
9972,1201680,0.08943751
9979,1202480,0.107958324
9986,1203280,0.116000004
9992,1204080,0.11502083
9999,1204880,0.106000006
10005,1205680,0.115979165
10012,1206480,0.13520834
10018,1207280,0.12522916
10025,1208080,0.11722916
10032,1208880,0.10208333
10038,1209680,0.09210417
10045,1210480,0.09379166
10051,1211280,0.08183333
10058,1212080,0.0946875
10065,1212880,0.103687495
10071,1213680,0.11237499
10078,1214480,0.11216665
10084,1215280,0.14968748
10091,1216080,0.168375
10097,1216880,0.18652084
10104,1217680,0.1965
10111,1218480,0.20554167
10117,1219280,0.225375
10124,1220080,0.23325
10130,1220880,0.24152082
10137,1221680,0.25189582
10143,1222480,0.25441664
10150,1223280,0.23331249
10157,1224080,0.22458334
10163,1224880,0.20452084
10170,1225680,0.20447917
10176,1226480,0.22131248
10183,1227280,0.21245833
10189,1228080,0.20116667
10196,1228880,0.229375
10203,1229680,0.228125
10209,1230480,0.21802083
10216,1231280,0.23164584
10223,1232080,0.2410625
10229,1232880,0.24277082
10236,1233680,0.23295833
10242,1234480,0.24122918
10249,1235280,0.22352085
10255,1236080,0.204375
10262,1236880,0.19845833
10269,1237680,0.16127083
10275,1238480,0.17297916
10282,1239280,0.17272916
10288,1240080,0.122083336
10295,1240880,0.1506875
10302,1241680,0.15729167
10308,1242480,0.17535418
10315,1243280,0.16700001
10321,1244080,0.19487499
10328,1244880,0.2125625
10334,1245680,0.19352083
10341,1246480,0.19214582
10348,1247280,0.19941668
10354,1248080,0.20039585
10361,1248880,0.19112499
10368,1249680,0.18402082
10374,1250480,0.18402085
10381,1251280,0.17710418
10388,1252080,0.167125
10394,1252880,0.14033334
10401,1253680,0.142125
10407,1254480,0.13337499
10414,1255280,0.13420832
10421,1256080,0.14529166
10427,1256880,0.14529167
10434,1257680,0.15516667
10440,1258480,0.13639583
10447,1259280,0.137125
10454,1260080,0.12714583
10460,1260880,0.11716667
10467,1261680,0.124874994
10473,1262480,0.124874994
10480,1263280,0.1343125
10487,1264080,0.12535416
10494,1264880,0.10635417
10500,1265680,0.096374996
10507,1266480,0.084
10513,1267280,0.084
10520,1268080,0.09302083
10527,1268880,0.09302083
10533,1269680,0.104666665
10540,1270480,0.104666665
10547,1271280,0.104666665
10554,1272080,0.09522917
10560,1272880,0.0930625
10567,1273680,0.093062505
10573,1274480,0.09383332
10580,1275280,0.085625
10586,1276080,0.085625
10593,1276880,0.09579167
10600,1277680,0.11335415
10606,1278480,0.103374995
10613,1279280,0.09339582
10619,1280080,0.10337499
10626,1280880,0.11285415
10633,1281680,0.12420832
10639,1282480,0.115062505
10646,1283280,0.115062505
10653,1284080,0.12502083
10659,1284880,0.14222917
10666,1285680,0.13225001
10672,1286480,0.13404167
10679,1287280,0.14275001
10686,1288080,0.15154167
10692,1288880,0.15154167
10699,1289680,0.15204166
10705,1290480,0.1420625
10712,1291280,0.14185417
10718,1292080,0.15058333
10725,1292880,0.16120835
10732,1293680,0.16270834
10738,1294480,0.15120834
10745,1295280,0.14220832
10752,1296080,0.13277084
10759,1296880,0.13222916
10765,1297680,0.122250006
10772,1298480,0.10229167
10779,1299280,0.11227083
10785,1300080,0.13183333
10792,1300880,0.12279167
10799,1301680,0.121374995
10805,1302480,0.121374995
10812,1303280,0.1115625
10818,1304080,0.104312494
10825,1304880,0.104229175
10831,1305680,0.10424999
10838,1306480,0.10424999
10844,1307280,0.10424999
10851,1308080,0.09427084
10858,1308880,0.10127084
10864,1309680,0.08116667
10871,1310480,0.08116667
10878,1311280,0.07304167
10884,1312080,0.08222917
10891,1312880,0.08085417
10897,1313680,0.08085417
10904,1314480,0.06341666
10910,1315280,0.072625
10917,1316080,0.06264583
10924,1316880,0.06264583
10930,1317680,0.06264583
10937,1318480,0.045125004
10943,1319280,0.045124996
10950,1320080,0.045083333
10957,1320880,0.054312497
10963,1321680,0.06379166
10970,1322480,0.073770836
10976,1323280,0.092020825
10983,1324080,0.091625005
10989,1324880,0.10827084
10996,1325680,0.10827084
11003,1326480,0.12822916
11009,1327280,0.12985416
11016,1328080,0.12985416
11022,1328880,0.11991667
11029,1329680,0.1099375
11035,1330480,0.08362499
11042,1331280,0.08362499
11048,1332080,0.07364583
11055,1332880,0.0749375
11062,1333680,0.057916664
11068,1334480,0.049479164
11075,1335280,0.049479164
11081,1336080,0.048854165
11088,1336880,0.05883333
11094,1337680,0.05883333
11101,1338480,0.0688125
11107,1339280,0.07879166
11114,1340080,0.07879166
11121,1340880,0.08779166
11127,1341680,0.07822917
11134,1342480,0.07822916
11140,1343280,0.088208325
11147,1344080,0.08789583
11153,1344880,0.07854166
11160,1345680,0.0685625
11166,1346480,0.05858333
11173,1347280,0.048604164
11180,1348080,0.048604164
11186,1348880,0.048604164
11193,1349680,0.05952083
11199,1350480,0.05952083
11206,1351280,0.059041668
11212,1352080,0.059041668
11219,1352880,0.049375
11226,1353680,0.049375
11232,1354480,0.049375
11239,1355280,0.06791666
11245,1356080,0.06791666
11252,1356880,0.0579375
11258,1357680,0.06791666
11265,1358480,0.06795833
11271,1359280,0.057979163
11278,1360080,0.058458332
11285,1360880,0.05845833
11291,1361680,0.05845833
11297,1362480,0.048479166
11304,1363280,0.05845833
11310,1364080,0.048479166
11317,1364880,0.039916664
11324,1365680,0.039916664
11330,1366480,0.039916664
11337,1367280,0.029937498
11343,1368080,0.03925
11350,1368880,0.03925
11357,1369680,0.029270833
11363,1370480,0.029270833
11370,1371280,0.029270833
11377,1372080,0.029270833
11383,1372880,0.019291665
11390,1373680,0.019291665
11397,1374480,0.03925
11403,1375280,0.03925
11410,1376080,0.029270833
11416,1376880,0.029270833
11423,1377680,0.019958332
11429,1378480,0.019958332
11436,1379280,0.019958332
11443,1380080,0.019958332
11449,1380880,0.019958332
11456,1381680,0.019958332
11462,1382480,0.019958332
11469,1383280,0.029937498
11476,1384080,0.0195625
11483,1384880,0.0195625
11489,1385680,0.0195625
11496,1386480,0.0195625
11502,1387280,0.0195625
11509,1388080,0.0195625
11515,1388880,0.0195625
11522,1389680,0.0195625
11528,1390480,0.0195625
11535,1391280,0.0195625
11541,1392080,0.0095833335
11548,1392880,0.0095833335
11554,1393680,0.0
11561,1394480,0.0
11567,1395280,0.0
11574,1396080,0.018562501
11580,1396880,0.018562501
11587,1397680,0.0269375
11594,1398480,0.036854167
11600,1399280,0.036854167
11607,1400080,0.055375
11613,1400880,0.055375
11620,1401680,0.055375
11626,1402480,0.055375
11633,1403280,0.055375
11639,1404080,0.055375
11646,1404880,0.055375
11652,1405680,0.046354163
11659,1406480,0.046354163
11666,1407280,0.037979167
11672,1408080,0.0280625
11679,1408880,0.0365625
11685,1409680,0.047937497
11692,1410480,0.057791665
11698,1411280,0.06758333
11705,1412080,0.06758333
11712,1412880,0.06758333
11718,1413680,0.0775625
11725,1414480,0.068020836
11732,1415280,0.07797917
11739,1416080,0.07797917
11745,1416880,0.07797916
11752,1417680,0.06947917
11758,1418480,0.059499998
11765,1419280,0.048625004
11772,1420080,0.04875
11778,1420880,0.038958333
11785,1421680,0.048666667
11791,1422480,0.0386875
11798,1423280,0.0386875
11805,1424080,0.048666667
11811,1424880,0.038708333
11818,1425680,0.048687503
11824,1426480,0.05866666
11831,1427280,0.068645835
11838,1428080,0.06958333
11844,1428880,0.069583334
11851,1429680,0.078541666
11857,1430480,0.06883333
11864,1431280,0.086875
11871,1432080,0.106833324
11877,1432880,0.096854165
11884,1433680,0.096854165
11890,1434480,0.086875
11897,1435280,0.086875
11904,1436080,0.06691667
11910,1436880,0.06691667
11917,1437680,0.0569375
11923,1438480,0.047916666
11930,1439280,0.047916666
11936,1440080,0.029875
11943,1440880,0.029875
11950,1441680,0.029875
11956,1442480,0.029875
11963,1443280,0.039854165
11969,1444080,0.039854165
11976,1444880,0.048916664
11982,1445680,0.048916664
11989,1446480,0.048916664
11995,1447280,0.05889583
12002,1448080,0.07891666
12009,1448880,0.08889583
12015,1449680,0.088895835
12022,1450480,0.07891667
12028,1451280,0.07891667
12035,1452080,0.0689375
12042,1452880,0.0689375
12048,1453680,0.059874997
12055,1454480,0.06970833
12061,1455280,0.06970833
12068,1456080,0.059729166
12075,1456880,0.029791668
12081,1457680,0.029791668
12088,1458480,0.0198125
12094,1459280,0.009833333
12101,1460080,0.009833333
12107,1460880,0.009833333
12114,1461680,0.0198125
12120,1462480,0.029791668
12127,1463280,0.038895834
12133,1464080,0.038895834
12140,1464880,0.058854166
12147,1465680,0.058854166
12153,1466480,0.078812495
12160,1467280,0.078812495
12166,1468080,0.0788125
12173,1468880,0.0788125
12180,1469680,0.08879165
12186,1470480,0.08879167
12193,1471280,0.08879167
12199,1472080,0.07983333
12206,1472880,0.06985416
12213,1473680,0.04989583
12219,1474480,0.06985416
12226,1475280,0.059874997
12232,1476080,0.059874997
12239,1476880,0.069770835
12245,1477680,0.079749994
12252,1478480,0.099708326
12259,1479280,0.099708326
12265,1480080,0.08972916
12272,1480880,0.08972917
12279,1481680,0.08972916
12285,1482480,0.08972917
12292,1483280,0.069770835
12298,1484080,0.069770835
12305,1484880,0.059791666
12311,1485680,0.059791666
12318,1486480,0.039916664
12325,1487280,0.019958332
12331,1488080,0.0
12338,1488880,0.0
12344,1489680,0.0
12351,1490480,0.0
12357,1491280,0.0
12364,1492080,0.0
12370,1492880,0.009416667
12377,1493680,0.019395834
12384,1494480,0.019395834
12390,1495280,0.039354168
12397,1496080,0.057604164
12404,1496880,0.0656875
12410,1497680,0.0656875
12417,1498480,0.0656875
12423,1499280,0.0656875
12430,1500080,0.08514584
12436,1500880,0.09322917
12443,1501680,0.09379166
12450,1502480,0.10233333
12456,1503280,0.10233333
12463,1504080,0.09235416
12469,1504880,0.08383333
12476,1505680,0.07410416
12482,1506480,0.06602083
12489,1507280,0.06602083
12495,1508080,0.085979156
12502,1508880,0.09595833
12509,1509680,0.07839583
12515,1510480,0.06841666
12522,1511280,0.04989583
12529,1512080,0.08685416
12535,1512880,0.08685416
12542,1513680,0.076875
12548,1514480,0.08685416
12555,1515280,0.08685416
12562,1516080,0.08685416
12568,1516880,0.08625
12575,1517680,0.08625
12581,1518480,0.07627083
12588,1519280,0.07627083
12595,1520080,0.08458333
12601,1520880,0.066
12608,1521680,0.047624998
12615,1522480,0.047624998
12621,1523280,0.04683333
12628,1524080,0.056624997
12634,1524880,0.066270836
12641,1525680,0.056729168
12647,1526480,0.036937498
12654,1527280,0.036937498
12661,1528080,0.046916667
12667,1528880,0.046916667
12674,1529680,0.067125
12681,1530480,0.07645833
12687,1531280,0.08643749
12694,1532080,0.105187505
12700,1532880,0.096
12707,1533680,0.086208336
12713,1534480,0.0765625
12720,1535280,0.08541667
12727,1536080,0.10270833
12734,1536880,0.102145836
12741,1537680,0.12118749
12748,1538480,0.112624995
12755,1539280,0.0933125
12762,1540080,0.092875004
12768,1540880,0.084104165
12777,1541680,0.084104165
12785,1542480,0.084104165
12792,1543280,0.09408333
12800,1544080,0.094312504
12809,1544880,0.08527084
12816,1545680,0.08583333
12824,1546480,0.10385416
12831,1547280,0.11383332
12839,1548080,0.1238125
12847,1548880,0.13312499
12857,1549680,0.133125
12865,1550480,0.133125
12874,1551280,0.15308332
12881,1552080,0.14310417
12888,1552880,0.1439375
12898,1553680,0.16183335
12910,1554480,0.15414582
12919,1555280,0.13395834
12929,1556080,0.13360417
12938,1556880,0.14145833
12947,1557680,0.13158333
12957,1558480,0.14070833
12964,1559280,0.14991666
12973,1560080,0.14985417
12981,1560880,0.15885417
12989,1561680,0.16875
12998,1562480,0.15933333
13007,1563280,0.14935416
13014,1564080,0.1399375
13023,1564880,0.16597916
13031,1565680,0.13891667
13039,1566480,0.13754167
13046,1567280,0.13839583
13053,1568080,0.1375
13061,1568880,0.16224998
13069,1569680,0.18100001
13077,1570480,0.17997918
13085,1571280,0.189125
13092,1572080,0.18810415
13100,1572880,0.17814583
13108,1573680,0.17197916
13117,1574480,0.19154167
13125,1575280,0.1831875
13134,1576080,0.18354166
13143,1576880,0.18375
13153,1577680,0.15756251
13163,1578480,0.13895833
13172,1579280,0.130625
13180,1580080,0.1305
13186,1580880,0.14025001
13194,1581680,0.17610419
13201,1582480,0.17422916
13209,1583280,0.15466668
13217,1584080,0.1446875
13223,1584880,0.1545
13230,1585680,0.1545
13237,1586480,0.12770835
13244,1587280,0.12770833
13253,1588080,0.14722916
13261,1588880,0.17441668
13268,1589680,0.1464375
13274,1590480,0.13839583
13281,1591280,0.1366875
13289,1592080,0.14660415
13296,1592880,0.16466667
13303,1593680,0.13666666
13310,1594480,0.14575
13317,1595280,0.15435416
13325,1596080,0.15435416
13332,1596880,0.1806875
13340,1597680,0.15441668
13346,1598480,0.16410416
13353,1599280,0.15533333
13361,1600080,0.19362499
13368,1600880,0.19549999
13375,1601680,0.20272917
13382,1602480,0.21172917
13391,1603280,0.20402084
13399,1604080,0.21260418
13406,1604880,0.19283333
13413,1605680,0.16650002
13420,1606480,0.15677083
13429,1607280,0.16550002
13439,1608080,0.15629168
13447,1608880,0.12977083
13456,1609680,0.113875
13463,1610480,0.105500005
13471,1611280,0.104875
13477,1612080,0.1029375
13484,1612880,0.124
13491,1613680,0.1336875
13498,1614480,0.13370833
13506,1615280,0.15108332
13512,1616080,0.14197916
13519,1616880,0.15195832
13526,1617680,0.122333325
13532,1618480,0.13231249
13539,1619280,0.1535625
13546,1620080,0.14552084
13552,1620880,0.14564581
13559,1621680,0.16297917
13566,1622480,0.15329167
13573,1623280,0.14297916
13580,1624080,0.13477083
13586,1624880,0.1446875
13594,1625680,0.13470834
13613,1626480,0.13460417
13625,1627280,0.13460417
13649,1628080,0.11489584
13672,1628880,0.11495833
13686,1629680,0.11529167
13699,1630480,0.10587499
13708,1631280,0.09689583
13716,1632080,0.09752083
13726,1632880,0.1068125
13737,1633680,0.09756251
13745,1634480,0.097312495
13752,1635280,0.0971875
13759,1636080,0.107125
13770,1636880,0.10712501
13779,1637680,0.10652083
13787,1638480,0.10710416
13795,1639280,0.11708334
13803,1640080,0.1270625
13811,1640880,0.14508332
13822,1641680,0.15214583
13832,1642480,0.14216667
13840,1643280,0.13245833
13848,1644080,0.131875
13856,1644880,0.131875
13863,1645680,0.14099999
13874,1646480,0.14102083
13884,1647280,0.12935418
13892,1648080,0.119375
13900,1648880,0.119375
13908,1649680,0.09137501
13916,1650480,0.07502083
13929,1651280,0.07502083
13937,1652080,0.07502083
13944,1652880,0.065124996
13955,1653680,0.074208334
13965,1654480,0.084
13974,1655280,0.06547917
13982,1656080,0.05745833
13992,1656880,0.056604166
14002,1657680,0.085
14012,1658480,0.09497916
14020,1659280,0.085541666
14029,1660080,0.09552083
14038,1660880,0.10549999
14051,1661680,0.095562495
14061,1662480,0.086479165
14071,1663280,0.0766875
14085,1664080,0.095604174
14097,1664880,0.10495833
14111,1665680,0.104937494
14119,1666480,0.07654167
14127,1667280,0.095374994
14134,1668080,0.095375
14143,1668880,0.093458325
14153,1669680,0.093125
14166,1670480,0.09279167
14174,1671280,0.10268749
14181,1672080,0.12199999
14189,1672880,0.103083335
14197,1673680,0.1215625
14204,1674480,0.12066667
14214,1675280,0.14975001
14221,1676080,0.13956249
14230,1676880,0.13977084
14238,1677680,0.14068751
14249,1678480,0.13104168
14257,1679280,0.12210417
14265,1680080,0.11220833
14277,1680880,0.12139583
14287,1681680,0.12124999
14296,1682480,0.09341667
14309,1683280,0.093875
14320,1684080,0.112937495
14332,1684880,0.094958335
14344,1685680,0.08497917
14356,1686480,0.08575
14364,1687280,0.08575
14373,1688080,0.09572916
14381,1688880,0.10570832
14394,1689680,0.096520826
14401,1690480,0.086812496
14413,1691280,0.0869375
14421,1692080,0.06729166
14431,1692880,0.08789583
14438,1693680,0.09787499
14447,1694480,0.10772916
14454,1695280,0.10772917
14463,1696080,0.11770833
14470,1696880,0.10772917
14477,1697680,0.09774999
14484,1698480,0.09774999
14492,1699280,0.09774999
14503,1700080,0.08816667
14513,1700880,0.09814583
14522,1701680,0.079479165
14530,1702480,0.06839583
14539,1703280,0.0765
14548,1704080,0.075479165
14554,1704880,0.08485416
14562,1705680,0.08485416
14570,1706480,0.09483333
14577,1707280,0.104208335
14584,1708080,0.13316667
14592,1708880,0.14168751
14598,1709680,0.129875
14605,1710480,0.129875
14612,1711280,0.12964582
14620,1712080,0.13083334
14627,1712880,0.11225
14634,1713680,0.1028125
14642,1714480,0.1028125
14649,1715280,0.102625
14656,1716080,0.09325
14664,1716880,0.08416667
14679,1717680,0.055770837
14692,1718480,0.06575
14706,1719280,0.047625
14718,1720080,0.03897917
14729,1720880,0.0296875
14743,1721680,0.039666668
14755,1722480,0.049312495
14762,1723280,0.03939583
14772,1724080,0.038125
14786,1724880,0.048104167
14802,1725680,0.048104167
14815,1726480,0.048104167
14825,1727280,0.048104167
14838,1728080,0.038125
14852,1728880,0.055645835
14872,1729680,0.055645835
14883,1730480,0.055645835
14900,1731280,0.045666665
14910,1732080,0.03602083
14934,1732880,0.037479166
14949,1733680,0.047000002
14967,1734480,0.046979167
14986,1735280,0.04697917
15011,1736080,0.04697917
15022,1736880,0.04697917
15042,1737680,0.04697917
15058,1738480,0.029458335
15079,1739280,0.046916667
15095,1740080,0.055562496
15120,1740880,0.055562496
15132,1741680,0.0555625
15141,1742480,0.036062498
15155,1743280,0.0360625
15173,1744080,0.036083333
15186,1744880,0.044500005
15199,1745680,0.06195833
15210,1746480,0.0878125
15225,1747280,0.10772916
15248,1748080,0.11749999
15259,1748880,0.100041665
15275,1749680,0.10864583
15285,1750480,0.11697917
15293,1751280,0.12679167
15301,1752080,0.13677084
15311,1752880,0.14547916
15322,1753680,0.14704166
15333,1754480,0.13914582
15339,1755280,0.122541666
15348,1756080,0.102625
15358,1756880,0.092999995
15366,1757680,0.093
15379,1758480,0.0931875
15388,1759280,0.0931875
15419,1760080,0.09491667
15435,1760880,0.104812495
15460,1761680,0.10608333
15475,1762480,0.09610417
15497,1763280,0.08654166
15510,1764080,0.08727083
15529,1764880,0.08727083
15547,1765680,0.08845833
15566,1766480,0.10841667
15579,1767280,0.099625
15591,1768080,0.099625
15601,1768880,0.08822916
15612,1769680,0.08766666
15625,1770480,0.08766666
15643,1771280,0.077687494
15654,1772080,0.08735416
15665,1772880,0.086791664
15682,1773680,0.105291665
15693,1774480,0.0953125
15706,1775280,0.07535417
15719,1776080,0.0850625
15738,1776880,0.0850625
15749,1777680,0.0865625
15763,1778480,0.066854164
15778,1779280,0.0849375
15802,1780080,0.0849375
15815,1780880,0.07527083
15836,1781680,0.06585417
15849,1782480,0.047354165
15861,1783280,0.06472917
15876,1784080,0.06472917
15897,1784880,0.06454167
15919,1785680,0.073125
15950,1786480,0.08947917
15963,1787280,0.069916666
15986,1788080,0.069916666
16002,1788880,0.051833328
16016,1789680,0.07970833
16041,1790480,0.099666655
16064,1791280,0.09966667
16085,1792080,0.09133333
16104,1792880,0.08229167
16121,1793680,0.072770834
16131,1794480,0.08274999
16144,1795280,0.06679167
16165,1796080,0.0946875
16194,1796880,0.10341666
16210,1797680,0.12235416
16239,1798480,0.09447916
16260,1799280,0.09447916
16291,1800080,0.0928125
16306,1800880,0.0928125
16331,1801680,0.10252083
16351,1802480,0.11220833
16377,1803280,0.11220833
16397,1804080,0.11220833
16427,1804880,0.0950625
16447,1805680,0.07635417
16479,1806480,0.065458335
16499,1807280,0.07443751
16515,1808080,0.091291666
16531,1808880,0.10066667
16545,1809680,0.082375005
16557,1810480,0.082375005
16568,1811280,0.08166666
16591,1812080,0.08166666
16604,1812880,0.10958333
16618,1813680,0.1185
16640,1814480,0.13645834
16656,1815280,0.13645834
16670,1816080,0.13939583
16677,1816880,0.13085417
16683,1817680,0.14310417
16690,1818480,0.15308332
16697,1819280,0.16274999
16703,1820080,0.15283334
16710,1820880,0.14308332
16716,1821680,0.124708325
16723,1822480,0.12554167
16729,1823280,0.09783333
16736,1824080,0.09783333
16743,1824880,0.08785417
16749,1825680,0.086333334
16756,1826480,0.07635417
16763,1827280,0.066374995
16769,1828080,0.066374995
16776,1828880,0.047937497
16782,1829680,0.05791667
16789,1830480,0.057583332
16795,1831280,0.067562506
16803,1832080,0.0578125
16809,1832880,0.066395834
16816,1833680,0.066395834
16822,1834480,0.07491666
16829,1835280,0.07474999
16835,1836080,0.073874995
16842,1836880,0.09052083
16849,1837680,0.110083334
16855,1838480,0.10975
16862,1839280,0.1003125
16869,1840080,0.10845834
16875,1840880,0.108458325
16882,1841680,0.10970834
16888,1842480,0.119125
16895,1843280,0.12058333
16901,1844080,0.11920834
16908,1844880,0.110604174
16915,1845680,0.13337499
16921,1846480,0.12339582
16928,1847280,0.10416666
16935,1848080,0.11402083
16941,1848880,0.10433333
16948,1849680,0.114958346
16954,1850480,0.105124995
16961,1851280,0.104354165
16967,1852080,0.11393749
16974,1852880,0.134625
16981,1853680,0.12537499
16987,1854480,0.08595833
16994,1855280,0.09552083
17001,1856080,0.09552083
17007,1856880,0.085666664
17014,1857680,0.093666665
17020,1858480,0.0836875
17027,1859280,0.102104165
17033,1860080,0.102104165
17040,1860880,0.08289583
17046,1861680,0.072916664
17053,1862480,0.0540625
17059,1863280,0.0540625
17066,1864080,0.064041674
17073,1864880,0.07416666
17080,1865680,0.09135417
17086,1866480,0.10270833
17093,1867280,0.10270833
17099,1868080,0.1034375
17106,1868880,0.10383334
17112,1869680,0.10383333
17119,1870480,0.113270834
17125,1871280,0.12325
17133,1872080,0.113270834
17139,1872880,0.113270834
17146,1873680,0.10329166
17152,1874480,0.086375
17159,1875280,0.07595834
17166,1876080,0.0859375
17172,1876880,0.057708334
17179,1877680,0.048312496
17185,1878480,0.0483125
17192,1879280,0.048520833
17199,1880080,0.047937497
17205,1880880,0.047937497
17212,1881680,0.057916664
17218,1882480,0.06789584
17225,1883280,0.057916664
17232,1884080,0.068166666
17238,1884880,0.068166666
17245,1885680,0.0680625
17251,1886480,0.10420833
17258,1887280,0.12341666
17265,1888080,0.12341667
17272,1888880,0.15037501
17279,1889680,0.150375
17285,1890480,0.15783334
17292,1891280,0.14785415
17298,1892080,0.1478125
17305,1892880,0.16658333
17311,1893680,0.19514583
17318,1894480,0.20264584
17325,1895280,0.14729166
17332,1896080,0.14729168
17338,1896880,0.1373125
17345,1897680,0.12741667
17351,1898480,0.118729174
17358,1899280,0.10964582
17364,1900080,0.11908334
17371,1900880,0.099937506
17377,1901680,0.08116667
17384,1902480,0.08116667
17390,1903280,0.05270833
17397,1904080,0.044604167
17404,1904880,0.054583333
17411,1905680,0.05458333
17417,1906480,0.06552083
17424,1907280,0.075666666
17430,1908080,0.0673125
17437,1908880,0.057875
17443,1909680,0.06745833
17450,1910480,0.11485417
17457,1911280,0.11485417
17464,1912080,0.11420833
17471,1912880,0.1309375
17477,1913680,0.12897916
17484,1914480,0.12897916
17490,1915280,0.12943749
17497,1916080,0.12035417
17504,1916880,0.13845834
17510,1917680,0.13845834
17517,1918480,0.12939583
17523,1919280,0.11964583
17531,1920080,0.11845833
17538,1920880,0.15552084
17544,1921680,0.14877082
17551,1922480,0.15897916
17557,1923280,0.16872917
17564,1924080,0.13883333
17570,1924880,0.15618749
17577,1925680,0.13808334
17583,1926480,0.17558332
17590,1927280,0.17541666
17597,1928080,0.194375
17604,1928880,0.16827084
17611,1929680,0.14810418
17617,1930480,0.16797917
17624,1931280,0.1665625
17630,1932080,0.17485416
17637,1932880,0.1846875
17643,1933680,0.17731251
17650,1934480,0.17545834
17657,1935280,0.17620835
17664,1936080,0.18541665
17670,1936880,0.18625
17677,1937680,0.23145834
17683,1938480,0.22110416
17690,1939280,0.2525625
17697,1940080,0.24450001
17703,1940880,0.28060418
17710,1941680,0.28033334
17716,1942480,0.2531875
17723,1943280,0.22512498
17730,1944080,0.19666667
17737,1944880,0.19479167
17743,1945680,0.16910417
17750,1946480,0.14150001
17756,1947280,0.112833336
17763,1948080,0.08370832
17769,1948880,0.08291667
17776,1949680,0.09270833
17782,1950480,0.063083336
17789,1951280,0.06220833
17796,1952080,0.08141667
17803,1952880,0.089854166
17809,1953680,0.089854166
17816,1954480,0.10808334
17822,1955280,0.118062496
17829,1956080,0.118062496
17836,1956880,0.11716667
17842,1957680,0.12631251
17849,1958480,0.12656249
17856,1959280,0.11833333
17863,1960080,0.127
17869,1960880,0.108937494
17876,1961680,0.1005
17882,1962480,0.100499995
17889,1963280,0.09227083
17896,1964080,0.0939375
17902,1964880,0.10254166
17909,1965680,0.093458325
17916,1966480,0.112312496
17922,1967280,0.11414582
17929,1968080,0.13343748
17936,1968880,0.15206249
17943,1969680,0.15206249
17949,1970480,0.17979167
17956,1971280,0.17958333
17962,1972080,0.15981251
17969,1972880,0.17077084
17975,1973680,0.1801875
17982,1974480,0.18058334
17989,1975280,0.20933335
17996,1976080,0.21877083
18003,1976880,0.19906248
18010,1977680,0.2244375
18016,1978480,0.22395834
18023,1979280,0.22358334
18029,1980080,0.23197916
18036,1980880,0.22254166
18043,1981680,0.25045833
18049,1982480,0.22116667
18056,1983280,0.23802082
18063,1984080,0.1979375
18070,1984880,0.19889584
18076,1985680,0.20945834
18083,1986480,0.21989584
18090,1987280,0.20895833
18096,1988080,0.21904169
18103,1988880,0.21752083
18110,1989680,0.2334375
18116,1990480,0.233125
18123,1991280,0.22485417
18130,1992080,0.22566667
18137,1992880,0.199375
18143,1993680,0.24443749
18150,1994480,0.23360418
18156,1995280,0.22470833
18163,1996080,0.23497915
18170,1996880,0.23727083
18176,1997680,0.23127083
18183,1998480,0.22952081
18189,1999280,0.22891669
18197,2000080,0.24766666
18203,2000880,0.2496875
18210,2001680,0.24041668
18216,2002480,0.23210417
18223,2003280,0.23962499
18230,2004080,0.2390625
18236,2004880,0.22008333
18243,2005680,0.2010625
18249,2006480,0.22862501
18256,2007280,0.25660416
18263,2008080,0.23689584
18270,2008880,0.24420835
18277,2009680,0.2266875
18283,2010480,0.22737502
18290,2011280,0.2111875
18296,2012080,0.19295831
18303,2012880,0.22135416
18310,2013680,0.26081252
18316,2014480,0.2586875
18323,2015280,0.24060418
18330,2016080,0.24993749
18337,2016880,0.233125
18343,2017680,0.24174999
18350,2018480,0.26991665
18356,2019280,0.2599375
18363,2020080,0.25037497
18369,2020880,0.26077083
18376,2021680,0.21966667
18383,2022480,0.23858331
18389,2023280,0.22079167
18396,2024080,0.19441666
18403,2024880,0.21141666
18409,2025680,0.23952083
18416,2026480,0.21118748
18423,2027280,0.21960416
18429,2028080,0.22933334
18436,2028880,0.22966665
18443,2029680,0.22339584
18449,2030480,0.22541668
18456,2031280,0.23558335
18463,2032080,0.26304168
18470,2032880,0.23608333
18477,2033680,0.19829166
18483,2034480,0.20827083
18490,2035280,0.19006248
18496,2036080,0.18020833
18503,2036880,0.159625
18510,2037680,0.15070833
18516,2038480,0.1301875
18523,2039280,0.11910417
18530,2040080,0.1299375
18537,2040880,0.12135417
18543,2041680,0.12925
18550,2042480,0.16708332
18556,2043280,0.1753125
18563,2044080,0.15772916
18570,2044880,0.175125
18576,2045680,0.17710418
18583,2046480,0.17710418
18589,2047280,0.17814584
18597,2048080,0.17785415
18604,2048880,0.1973125
18611,2049680,0.17925002
18617,2050480,0.17925002
18624,2051280,0.16922916
18630,2052080,0.17079167
18637,2052880,0.15339583
18644,2053680,0.18216665
18650,2054480,0.16220833
18657,2055280,0.171625
18664,2056080,0.15322916
18671,2056880,0.16091667
18677,2057680,0.13289583
18684,2058480,0.17147917
18690,2059280,0.18222916
18697,2060080,0.17160416
18704,2060880,0.17160416
18710,2061680,0.1528125
18717,2062480,0.1528125
18723,2063280,0.16177084
18730,2064080,0.15179166
18737,2064880,0.1519375
18743,2065680,0.16189583
18750,2066480,0.12360417
18756,2067280,0.1335
18763,2068080,0.13189583
18770,2068880,0.13360415
18776,2069680,0.1628125
18783,2070480,0.15283333
18789,2071280,0.15283333
18797,2072080,0.1628125
18804,2072880,0.16470833
18810,2073680,0.17358333
18817,2074480,0.16333334
18823,2075280,0.16333334
18830,2076080,0.15247917
18836,2076880,0.14195833
18843,2077680,0.13197917
18849,2078480,0.13066667
18856,2079280,0.1401875
18863,2080080,0.13985418
18870,2080880,0.1291875
18877,2081680,0.14645834
18883,2082480,0.13758333
18890,2083280,0.13789582
18896,2084080,0.14787501
18903,2084880,0.12972918
18910,2085680,0.11154166
18928,2086480,0.11154167
18957,2087280,0.08364583
18992,2088080,0.07412501
18999,2088880,0.085562505
19005,2089680,0.104770824
19012,2090480,0.07735416
19019,2091280,0.06795833
19025,2092080,0.057979163
19032,2092880,0.074854165
19039,2093680,0.074854165
19045,2094480,0.084416665
19052,2095280,0.084416665
19059,2096080,0.084416665
19066,2096880,0.084416665
19072,2097680,0.0834375
19079,2098480,0.084437504
19086,2099280,0.0844375
19092,2100080,0.093354166
19099,2100880,0.12120833
19106,2101680,0.11322917
19112,2102480,0.11322916
19119,2103280,0.1121875
19126,2104080,0.14045833
19133,2104880,0.15995832
19139,2105680,0.15995833
19146,2106480,0.14054166
19152,2107280,0.1690625
19159,2108080,0.17739584
19166,2108880,0.17012501
19172,2109680,0.15060417
19179,2110480,0.15056251
19185,2111280,0.14074999
19193,2112080,0.14089583
19199,2112880,0.120625
19206,2113680,0.120625
19213,2114480,0.101125
19219,2115280,0.101125
19226,2116080,0.08099999
19232,2116880,0.0821875
19239,2117680,0.08004167
19245,2118480,0.108791664
19252,2119280,0.109666675
19260,2120080,0.12797916
19266,2120880,0.13868749
19273,2121680,0.13868749
19280,2122480,0.15666667
19286,2123280,0.18399997
19293,2124080,0.184
19299,2124880,0.17641667
19306,2125680,0.16689582
19313,2126480,0.14908333
19319,2127280,0.13008334
19326,2128080,0.12985416
19333,2128880,0.13020831
19339,2129680,0.1115
19346,2130480,0.139125
19353,2131280,0.14016667
19359,2132080,0.13160416
19366,2132880,0.13087499
19373,2133680,0.14881249
19379,2134480,0.1488125
19386,2135280,0.15879166
19393,2136080,0.15879166
19400,2136880,0.13877083
19407,2137680,0.14797917
19413,2138480,0.14854166
19420,2139280,0.14729168
19426,2140080,0.16377082
19433,2140880,0.16479166
19440,2141680,0.17302082
19446,2142480,0.16400002
19453,2143280,0.16400002
19461,2144080,0.19962502
19467,2144880,0.21897916
19474,2145680,0.2109375
19480,2146480,0.20231251
19487,2147280,0.21252082
19494,2148080,0.18510418
19500,2148880,0.187
19507,2149680,0.19422917
19514,2150480,0.18564585
19520,2151280,0.18641669
19528,2152080,0.16077083
19535,2152880,0.14916667
19542,2153680,0.14835417
19549,2154480,0.146875
19555,2155280,0.16608334
19563,2156080,0.17529167
19570,2156880,0.16583334
19576,2157680,0.16516666
19583,2158480,0.1480625
19589,2159280,0.1775
19596,2160080,0.16752082
19603,2160880,0.1669375
19610,2161680,0.16702084
19616,2162480,0.1778125
19623,2163280,0.15945834
19629,2164080,0.15883332
19636,2164880,0.13914584
19643,2165680,0.13002083
19649,2166480,0.13993749
19656,2167280,0.1796875
19664,2168080,0.16972916
19671,2168880,0.18875
19678,2169680,0.18954167
19685,2170480,0.2181458
19691,2171280,0.22677082
19698,2172080,0.19114582
19704,2172880,0.21795832
19711,2173680,0.20824999
19717,2174480,0.20733334
19724,2175280,0.1764375
19731,2176080,0.18297918
19738,2176880,0.17372917
19745,2177680,0.17377084
19751,2178480,0.17345832
19758,2179280,0.13483334
19764,2180080,0.16310418
19771,2180880,0.19041666
19777,2181680,0.18197916
19784,2182480,0.1835625
19790,2183280,0.17466667
19798,2184080,0.20175
19805,2184880,0.17525
19811,2185680,0.19114584
19818,2186480,0.17397916
19824,2187280,0.202
19831,2188080,0.20199999
19838,2188880,0.17414583
19844,2189680,0.1561875
19851,2190480,0.17564584
19857,2191280,0.1926875
19865,2192080,0.16535416
19871,2192880,0.17381248
19878,2193680,0.17458332
19885,2194480,0.16666666
19891,2195280,0.16700001
19898,2196080,0.1589375
19904,2196880,0.15810417
19911,2197680,0.14912501
19918,2198480,0.12020833
19924,2199280,0.12822917
19932,2200080,0.11833333
19938,2200880,0.14516667
19945,2201680,0.146875
19951,2202480,0.13770834
19958,2203280,0.13814583
19965,2204080,0.13724999
19986,2204880,0.12716667
20030,2205680,0.128625
20078,2206480,0.128625
20113,2207280,0.128625
20159,2208080,0.101854175
20166,2208880,0.10433333
20173,2209680,0.09735415
20179,2210480,0.08835417
20186,2211280,0.09579167
20193,2212080,0.103333324
20199,2212880,0.1134375
20206,2213680,0.13114583
20212,2214480,0.14860417
20219,2215280,0.1571875
20227,2216080,0.16637501
20233,2216880,0.17566667
20240,2217680,0.20433335
20246,2218480,0.19327083
20253,2219280,0.20379166
20260,2220080,0.19552082
20266,2220880,0.214125
20273,2221680,0.22566666
20280,2222480,0.19833334
20286,2223280,0.2083125
20294,2224080,0.24525
20301,2224880,0.23508333
20307,2225680,0.23335417
20314,2226480,0.23331249
20321,2227280,0.26339582
20327,2228080,0.28212503
20334,2228880,0.26147917
20340,2229680,0.25045833
20347,2230480,0.24110417
20353,2231280,0.23977083
20361,2232080,0.24137501
20368,2232880,0.24149999
20374,2233680,0.20577084
20381,2234480,0.20577084
20387,2235280,0.1771875
20394,2236080,0.16572917
20401,2236880,0.16458333
20407,2237680,0.184125
20414,2238480,0.19258334
20420,2239280,0.203625
20428,2240080,0.20312501
20435,2240880,0.21852084
20441,2241680,0.2468125
20448,2242480,0.27502084
20454,2243280,0.29470834
20461,2244080,0.28610417
20467,2244880,0.287875
20474,2245680,0.25216666
20481,2246480,0.25277084
20487,2247280,0.22404167
20495,2248080,0.22285415
20501,2248880,0.20487499
20508,2249680,0.18816666
20514,2250480,0.141125
20521,2251280,0.14989583
20527,2252080,0.122041665
20534,2252880,0.15100001
20541,2253680,0.176625
20547,2254480,0.20331249
20554,2255280,0.21335417
20561,2256080,0.21408334
20568,2256880,0.21518749
20575,2257680,0.23177081
20581,2258480,0.2415625
20588,2259280,0.2515208
20594,2260080,0.24887499
20601,2260880,0.22068748
20608,2261680,0.19395834
20614,2262480,0.17497917
20621,2263280,0.15779166
20628,2264080,0.1678125
20635,2264880,0.17639585
20641,2265680,0.18339585
20648,2266480,0.16475001
20654,2267280,0.17372917
20661,2268080,0.1938125
20667,2268880,0.21254167
20674,2269680,0.22395831
20680,2270480,0.24237499
20687,2271280,0.232625
20695,2272080,0.25583333
20701,2272880,0.2615625
20708,2273680,0.24408333
20714,2274480,0.247
20721,2275280,0.2469375
20727,2276080,0.22814582
20734,2276880,0.2095625
20740,2277680,0.18112499
20747,2278480,0.208
20754,2279280,0.21606249
20761,2280080,0.21689583
20768,2280880,0.19281252
20774,2281680,0.20308334
20781,2282480,0.19422917
20787,2283280,0.18437502
20794,2284080,0.18400002
20801,2284880,0.18502085
20807,2285680,0.19304167
20814,2286480,0.17454167
20820,2287280,0.16672917
20828,2288080,0.15754166
20834,2288880,0.1474375
20841,2289680,0.14729166
20847,2290480,0.13885418
20854,2291280,0.1299375
20861,2292080,0.119958326
20867,2292880,0.13141666
20874,2293680,0.13960417
20880,2294480,0.13925
20887,2295280,0.13875
20894,2296080,0.15820833
20901,2296880,0.17777084
20907,2297680,0.1685
20914,2298480,0.1871875
20921,2299280,0.20583332
20927,2300080,0.22424999
20934,2300880,0.203625
20940,2301680,0.18545833
20947,2302480,0.18766664
20953,2303280,0.18841667
20961,2304080,0.18047917
20967,2304880,0.16060418
20974,2305680,0.13202083
20980,2306480,0.142
20987,2307280,0.12327084
20994,2308080,0.11379166
21000,2308880,0.104937494
21007,2309680,0.09610417
21013,2310480,0.115812495
21020,2311280,0.10583333
21028,2312080,0.08610416
21034,2312880,0.07616667
21041,2313680,0.08614583
21047,2314480,0.08614583
21089,2315280,0.086
21128,2316080,0.08477083
21179,2316880,0.084625
21215,2317680,0.08316667
21272,2318480,0.083166674
21322,2319280,0.082687505
21381,2320080,0.09143749
21388,2320880,0.0914375
21395,2321680,0.08227083
21401,2322480,0.08227083
21408,2323280,0.09216666
21415,2324080,0.100333326
21421,2324880,0.11060416
21428,2325680,0.101270825
21434,2326480,0.120124996
21441,2327280,0.1383125
21448,2328080,0.12739582
21455,2328880,0.12829167
21461,2329680,0.12829167
21468,2330480,0.12829167
21475,2331280,0.13747916
21481,2332080,0.13558333
21488,2332880,0.14670834
21494,2333680,0.13677083
21501,2334480,0.11939583
21507,2335280,0.11095833
21515,2336080,0.0924375
21522,2336880,0.092374995
21528,2337680,0.09181251
21535,2338480,0.10970834
21542,2339280,0.118708335
21548,2340080,0.118416674
21555,2340880,0.101270825
21562,2341680,0.092062496
21568,2342480,0.109916665
21575,2343280,0.119041674
21582,2344080,0.12902084
